{"cameraMode":{"drawMode":0,"name":"Shaded","section":"Shading Mode"},"sceneLighting":false,"audioPlay":false,"sceneViewState":{"showFog":true,"showMaterialUpdate":true,"showSkybox":true,"showFlares":true,"showImageEffects":true,"showParticleSystems":true},"in2DMode":false,"pivot":{"x":-1.7861604690551758,"y":-1.1749134063720704,"z":1.7342032194137574},"rotation":{"x":-0.006071901880204678,"y":0.9433189034461975,"z":-0.01727483794093132,"w":-0.3313824236392975},"size":7.160478115081787,"orthographic":false}