{"cameraMode":{"drawMode":0,"name":"Shaded","section":"Shading Mode"},"sceneLighting":false,"audioPlay":false,"sceneViewState":{"showFog":true,"showMaterialUpdate":true,"showSkybox":true,"showFlares":true,"showImageEffects":true,"showParticleSystems":true},"in2DMode":false,"pivot":{"x":0.0,"y":-2.5199999809265138,"z":1.6779999732971192},"rotation":{"x":-0.06890177726745606,"y":0.9112641215324402,"z":-0.17035533487796784,"w":-0.3685504198074341},"size":6.2778801918029789,"orthographic":false}