{"cameraMode":{"drawMode":0,"name":"Shaded","section":"Shading Mode"},"sceneLighting":false,"audioPlay":false,"sceneViewState":{"showFog":true,"showMaterialUpdate":true,"showSkybox":true,"showFlares":true,"showImageEffects":true,"showParticleSystems":true},"in2DMode":false,"pivot":{"x":0.0,"y":-0.15850496292114259,"z":-0.5309782028198242},"rotation":{"x":-0.0011359512573108078,"y":0.9988122582435608,"z":-0.039285365492105487,"w":-0.028800945729017259},"size":30.191343307495118,"orthographic":false}