{"cameraMode":{"drawMode":0,"name":"Shaded","section":"Shading Mode"},"sceneLighting":false,"audioPlay":false,"sceneViewState":{"showFog":true,"showMaterialUpdate":true,"showSkybox":true,"showFlares":true,"showImageEffects":true,"showParticleSystems":true},"in2DMode":false,"pivot":{"x":-1.0224242210388184,"y":-1.1487984657287598,"z":1.9277195930480958},"rotation":{"x":-0.06890177726745606,"y":0.9112641215324402,"z":-0.17035533487796784,"w":-0.3685504198074341},"size":6.850053310394287,"orthographic":false}