{"cameraMode":{"drawMode":0,"name":"Shaded","section":"Shading Mode"},"sceneLighting":false,"audioPlay":false,"sceneViewState":{"showFog":true,"showMaterialUpdate":true,"showSkybox":true,"showFlares":true,"showImageEffects":true,"showParticleSystems":true},"in2DMode":false,"pivot":{"x":0.0,"y":-0.4089910387992859,"z":0.09435248374938965},"rotation":{"x":0.08834512531757355,"y":0.4991285502910614,"z":-0.051248472183942798,"w":0.8604879975318909},"size":9.481826782226563,"orthographic":false}