{"cameraMode":{"drawMode":0,"name":"Shaded","section":"Shading Mode"},"sceneLighting":true,"audioPlay":false,"sceneViewState":{"showFog":true,"showMaterialUpdate":true,"showSkybox":true,"showFlares":true,"showImageEffects":true,"showParticleSystems":true},"in2DMode":false,"pivot":{"x":720.2868041992188,"y":41.114723205566409,"z":-1.0806121826171876},"rotation":{"x":-0.004544883966445923,"y":0.9821236729621887,"z":-0.18665824830532075,"w":-0.02389601431787014},"size":168.1165771484375,"orthographic":false}