{"cameraMode":{"drawMode":0,"name":"Shaded","section":"Shading Mode"},"sceneLighting":true,"audioPlay":false,"sceneViewState":{"showFog":true,"showMaterialUpdate":true,"showSkybox":true,"showFlares":true,"showImageEffects":true,"showParticleSystems":true},"in2DMode":false,"pivot":{"x":-111.76350402832031,"y":66.87462615966797,"z":-73.49784088134766},"rotation":{"x":-0.008326021954417229,"y":0.4483751654624939,"z":-0.004173722118139267,"w":-0.8937969207763672},"size":150.9324951171875,"orthographic":false}