{"cameraMode":{"drawMode":0,"name":"Shaded","section":"Shading Mode"},"sceneLighting":false,"audioPlay":false,"sceneViewState":{"showFog":true,"showMaterialUpdate":true,"showSkybox":true,"showFlares":true,"showImageEffects":true,"showParticleSystems":true},"in2DMode":false,"pivot":{"x":0.0,"y":-1.1920928955078126e-7,"z":4.76837158203125e-7},"rotation":{"x":-0.0011359512573108078,"y":0.9988122582435608,"z":-0.039285365492105487,"w":-0.028800945729017259},"size":23.784177780151368,"orthographic":false}