{"cameraMode":{"drawMode":0,"name":"Shaded","section":"Shading Mode"},"sceneLighting":false,"audioPlay":false,"sceneViewState":{"showFog":true,"showMaterialUpdate":true,"showSkybox":true,"showFlares":true,"showImageEffects":true,"showParticleSystems":true},"in2DMode":false,"pivot":{"x":-0.000027954578399658203,"y":-2.3615882396698,"z":0.000004291534423828125},"rotation":{"x":-0.0725465640425682,"y":0.6662506461143494,"z":-0.06537356227636337,"w":-0.7393060326576233},"size":8.254745483398438,"orthographic":false}