{"cameraMode":{"drawMode":0,"name":"Shaded","section":"Shading Mode"},"sceneLighting":false,"audioPlay":false,"sceneViewState":{"showFog":true,"showMaterialUpdate":true,"showSkybox":true,"showFlares":true,"showImageEffects":true,"showParticleSystems":true},"in2DMode":false,"pivot":{"x":-0.000970989465713501,"y":0.0,"z":-0.23738408088684083},"rotation":{"x":0.09845245629549027,"y":-0.6598411798477173,"z":0.08781733363866806,"w":0.7397330403327942},"size":7.47433614730835,"orthographic":false}