{"cameraMode":{"drawMode":0,"name":"Shaded","section":"Shading Mode"},"sceneLighting":false,"audioPlay":false,"sceneViewState":{"showFog":true,"showMaterialUpdate":true,"showSkybox":true,"showFlares":true,"showImageEffects":true,"showParticleSystems":true},"in2DMode":false,"pivot":{"x":-0.000003993511199951172,"y":-0.022344529628753663,"z":-6.128102540969849e-7},"rotation":{"x":0.0009627222898416221,"y":0.9988873600959778,"z":-0.040789198130369189,"w":0.0236507561057806},"size":2.773810625076294,"orthographic":false}