{"cameraMode":{"drawMode":0,"name":"Shaded","section":"Shading Mode"},"sceneLighting":true,"audioPlay":false,"sceneViewState":{"showFog":true,"showMaterialUpdate":true,"showSkybox":true,"showFlares":true,"showImageEffects":true,"showParticleSystems":true},"in2DMode":false,"pivot":{"x":46.76641082763672,"y":15.46004581451416,"z":2.2402267456054689},"rotation":{"x":0.001101339003071189,"y":0.9971879124641419,"z":-0.07342580705881119,"w":0.014958394691348076},"size":82.84043884277344,"orthographic":false}