{"cameraMode":{"drawMode":0,"name":"Shaded","section":"Shading Mode"},"sceneLighting":true,"audioPlay":false,"sceneViewState":{"showFog":true,"showMaterialUpdate":false,"showSkybox":true,"showFlares":true,"showImageEffects":true,"showParticleSystems":true},"in2DMode":false,"pivot":{"x":-5.1043701171875,"y":143.32461547851563,"z":-121.60078430175781},"rotation":{"x":0.10633410513401032,"y":0.7592308521270752,"z":-0.12828800082206727,"w":0.629214346408844},"size":416.4291687011719,"orthographic":false}