{"cameraMode":{"drawMode":0,"name":"Shaded","section":"Shading Mode"},"sceneLighting":true,"audioPlay":false,"sceneViewState":{"showFog":true,"showMaterialUpdate":false,"showSkybox":true,"showFlares":true,"showImageEffects":true,"showParticleSystems":true},"in2DMode":false,"pivot":{"x":4.294647216796875,"y":325.6400146484375,"z":21.0755615234375},"rotation":{"x":0.0424417145550251,"y":-0.932483971118927,"z":0.11670171469449997,"w":0.33922079205513},"size":298.11102294921877,"orthographic":false}